,id,text,positive,negative,neutral,polarity,target
0,1485193940890718213,"RT @plutoniansgame: Tomorrow we will begin to announce our strategic partners! Until then, please listen to our Original Game Soundtrack onâ€¦",0.205,0.0,0.795,-0.012500000000000011,4
1,1485193939435274245,"RT @gems_1000: #BSC #BSCGem 
This one is a bomb  $SUGAR

Bottom is in ğŸ’¹ now only way is up. APE NOW. donâ€™t FOMO In later 

Team always deliâ€¦",0.0,0.113,0.887,0.0,0
2,1485193938848071681,"RT @vtmetaverse: VT Token Promotional Sale #Whitelist campaign is live nowğŸš¨

ğŸ† Number of the winner: 200
ğŸ’° Allocation: $1,000 allocation frâ€¦",0.221,0.0,0.779,0.13636363636363635,4
3,1485193937103257604,"RT @cryptohorsegame: Our Whitelist contest is available! Dont miss the chance to get a spot in Cryptohorse Pre-sale at Pinksale! 
Please foâ€¦",0.18,0.072,0.748,0.625,4
4,1485193936062885889,"RT @TelegramTycoon: Decentraland (MANA) Airdrop https://t.co/zJIIYa1RmF 

#cryptocurrency #Airdrops #AirdropDetective #Airdropinspector #aiâ€¦",0.0,0.0,1.0,0.0,0
5,1485193936058695680,"@BluesparrowC @tommychong 2022, the year of #BlueSparrow CEX? And Web 3.0? #BlueSparrow, with NFTs, Web 3.0 and the Technologies Enabling the #Metaverse, will be brilliant in 2022!!! #bluesparrowETH #BlueSparrowtoken #BlueSparrowCommunity #bluesparrow #Bluesparrowcharity #web3 https://t.co/vTgCagjfaf",0.132,0.0,0.868,1.0,4
6,1485193936050311172,"RT @computercart: jokes aside, itâ€™s says a lot that in a cgi/ai/metaverse world where they can literally create ANYTHING what they do is riâ€¦",0.17,0.0,0.83,0.0,4
7,1485193932049121281,"RT @BestRealAirdrop: ğŸ’ #Genesis #Metaverse #Swap #Airdrop

ğŸ’µ Rewards : 50 GMS (50$)
ğŸ‘¨â€ğŸ‘©â€ğŸ‘§â€ğŸ‘§ Refferal : 10 GMS (10$)
ğŸ† Winners: Only for Firâ€¦",0.267,0.0,0.733,0.0,4
8,1485193931700977664,"RT @FortProtocol: ğŸ“£#FortProtocol #airdrop Phase 2 is now live!

ğŸ‰3,000 Random winners + 2,000 Random winners + Top 200 referrers

ğŸ‘‰Use ourâ€¦",0.341,0.0,0.659,-0.08238636363636365,4
9,1485193931159654408,"RT @Khulood_Almani: #Edge #Computing #Architecture and How it #Processes #Data 

@TechTarget 

#DataScience #bigdata #AI #technology #IoT #â€¦",0.0,0.0,1.0,0.0,0
10,1485193930975162369,"@ResTenebris @metalndtoken @Metalndarmy Metalnd Token gives investors an opportunity to own land in the #Sandbox, #Decentraland and other metaverse projects. Token holders will be rewarded with high apr % for passive income! Come join us in being a land owner today! ğŸš€ https://t.co/rFWTXybqaI",0.22699999999999998,0.0,0.773,0.24166666666666667,4
11,1485193930769825792,"RT @TaylorMusk_: What #ALTCOIN would you recommend me to buy in this market crash â‰ï¸ğŸ¤”

Stay strong and don't miss this opportunity ğŸ˜ğŸ”¥

#BSCâ€¦",0.326,0.084,0.59,0.4333333333333333,4
12,1485193928878194691,"RT @METAMINERSNFT: In less than 24 hours 10,000 Unique Metaminers will hit the metaverse! 

We hope to see you there for mint https://t.co/â€¦",0.127,0.0,0.873,0.15104166666666669,4
13,1485193928186163203,"RT @Genesismetaswap: ğŸ’ Genesis #Metaverse #Swap Airdrop

ğŸ’µ Rewards : 50 GMS (50$)
ğŸ‘¨â€ğŸ‘©â€ğŸ‘§â€ğŸ‘§ Refferal : 10 GMS (10$)
ğŸ† Winners: Only for Firstâ€¦",0.267,0.0,0.733,0.0,4
14,1485193927947096064,"RT @metagategame: @metagategame #airdrop is LIVE. ğŸš€ğŸš€

Reward pool: 500.000 worth of $METAG 

Link: https://t.co/tX3bhNvLcr

â˜‘ï¸Complete allâ€¦",0.272,0.0,0.728,0.21818181818181817,4
15,1485193927812853760,"RT @gems_1000: #BSC #BSCGem 
This one is a bomb  $SUGAR

Bottom is in ğŸ’¹ now only way is up. APE NOW. donâ€™t FOMO In later 

Team always deliâ€¦",0.0,0.113,0.887,0.0,0
16,1485193927347310596,"RT @Metavers_MeTa: AIRDROP METAVERSE $META 5,000 $BNB FOR 10,000 PARTICIPANTS

(First Come,First Serve)

ğŸ“ŒComplete Each Of The Tasks Below:â€¦",0.0,0.0,1.0,0.25,0
17,1485193927296974853,"RT @METAMINERSNFT: In less than 24 hours 10,000 Unique Metaminers will hit the metaverse! 

We hope to see you there for mint https://t.co/â€¦",0.127,0.0,0.873,0.15104166666666669,4
18,1485193927070212098,RT @crypto_navi: wen u have conviction that ur @FLUF_World bunnies are the most technologically advanced 3d metaverse nfts that exist and uâ€¦,0.102,0.0,0.898,0.45,4
19,1485193925854117893,@cryptogems555 Ø£ÙƒØ«Ø± Ù…Ù† 800 Ø¯ÙˆÙ„Ø§Ø± Ù…Ù† #BNB Ø±Ù‡Ù† ÙÙŠ Ø£ÙˆÙ„ ØªØ¬Ù…Ø¹ @BinanceChain  Ù„Ø¯ÙŠÙ†Ø§ Ø·ÙˆØ§Ù„ Ø§Ù„Ù„ÙŠÙ„ ÙˆÙ„Ø§ ÙŠØ²Ø§Ù„ Ù…Ø¹Ø¯Ù„ Ø§Ù„ÙØ§Ø¦Ø¯Ø© Ø§Ù„Ø³Ù†ÙˆÙŠØ© Ù„Ø¯ÙŠÙ†Ø§ ÙŠØ­Ù‚Ù‚ Ø£ÙƒØ«Ø± Ù…Ù† 500 Ùª ÙÙŠ #VEMP @cz_binance  ğŸ‘€ Ø¥Ø°Ø§ ÙƒÙ†Øª ØªØ³ØªØ®Ø¯Ù… Ø¨Ø±ÙˆØªÙˆÙƒÙˆÙ„ #Metaverse &amp; #GameFi Ø¨Ù†Ø§Ø¡Ù‹ Ø¹Ù„Ù‰ @binance  ØŒ ÙÙ†Ø­Ù† Ù†Ø±ÙŠØ¯ Ø£Ù† Ù†Ø±Ø³Ù„ Ø¥Ù„ÙŠÙƒ Ù‡Ù†Ø§ ğŸ¤ Ù„Ù…Ø§Ø°Ø§ Ù„Ù… ØªØ¯Ø±Ø¬Ù†Ø§ Ø­ØªÙ‰ Ø§Ù„Ø¢Ù†ØŸ,0.0,0.0,1.0,0.0,0
20,1485193925451292674,"RT @cryptohorsegame: Our Whitelist contest is available! Dont miss the chance to get a spot in Cryptohorse Pre-sale at Pinksale! 
Please foâ€¦",0.18,0.072,0.748,0.625,4
21,1485193922762911747,"RT @Mighty__Crew: ğŸ”¥ğŸ† Our PRESALE is starting next Tuesday 3:00 PM UTC

ğŸ’– Pinksale : https://t.co/YtUxPMlm6E

Presale Price: 1 BNB = 320,000â€¦",0.0,0.0,1.0,0.0,0
22,1485193922569998340,"RT @METAMINERSNFT: In less than 24 hours 10,000 Unique Metaminers will hit the metaverse! 

We hope to see you there for mint https://t.co/â€¦",0.127,0.0,0.873,0.15104166666666669,4
23,1485193922234093568,"RT @beach_token: ğŸ–ï¸ $BEACH ğŸ–ï¸
20,000 Pounds of Trash Removed From Pacific Garbage Patch
â€œThe Great Pacific Garbage Patch can now be cleanedâ€¦",0.157,0.0,0.843,0.8,4
24,1485193922079039489,@hugoamacias95 @Barceman16 Metalnd is giving investors an opportunity to be land owners in #Sandbox #Decentraland and other #Metaverse projects! A real utility token with high staking apr to token holders. Join us in being a landowner in the metaverse and enjoy passive income!,0.265,0.0,0.735,0.1759375,4
25,1485193921592369154,"RT @Genesismetaswap: ğŸ’ Genesis #Metaverse #Swap Airdrop

ğŸ’µ Rewards : 50 GMS (50$)
ğŸ‘¨â€ğŸ‘©â€ğŸ‘§â€ğŸ‘§ Refferal : 10 GMS (10$)
ğŸ† Winners: Only for Firstâ€¦",0.267,0.0,0.733,0.0,4
26,1485193921567531011,"RT @Mighty__Crew: ğŸ”¥ğŸ† Our PRESALE is starting next Tuesday 3:00 PM UTC

ğŸ’– Pinksale : https://t.co/YtUxPMlm6E

Presale Price: 1 BNB = 320,000â€¦",0.0,0.0,1.0,0.0,0
27,1485193920090886144,"RT @FuturaMeta: Have you got a ticket for the show?
 2 assets of ""Pinuccio in the Metaverse""
try it on page 83 in the GM @TheVisionEx 
Voxeâ€¦",0.066,0.0,0.934,0.0,4
28,1485193919893843969,"RT @InfinityPad_io: â¤ï¸ We are happy to announce our next IDO @affynofficial 

âœ… Affyn is a P2E metaverse where the #virtual and real worldâ€¦",0.15,0.0,0.85,0.33333333333333326,4
29,1485193919344349184,"RT @expert_kripto: ğŸ”¥Seedify- 200$ Garanti AllocationğŸ”¥

âš¡ï¸Solana aÄŸÄ±nda Metaverse ğŸŒŸPlutoniansğŸŒŸ

YapmanÄ±z gereken:
1âƒ£Takip et:@expert_kriptoâ€¦",0.0,0.0,1.0,0.0,0
30,1485193918841225216,"RT @Mighty__Crew: ğŸ”¥ğŸ† Our PRESALE is starting next Tuesday 3:00 PM UTC

ğŸ’– Pinksale : https://t.co/YtUxPMlm6E

Presale Price: 1 BNB = 320,000â€¦",0.0,0.0,1.0,0.0,0
31,1485193918308564993,"RT @NFTMTG: Metaverse supremacy is on the line when 10,000 gamers compete for a shot at glory!ğŸ‘‘

With time against them, only the most skilâ€¦",0.061,0.0,0.939,0.25,4
32,1485193917247401984,"RT @gems_1000: #BSC #BSCGem 
This one is a bomb  $SUGAR

Bottom is in ğŸ’¹ now only way is up. APE NOW. donâ€™t FOMO In later 

Team always deliâ€¦",0.0,0.113,0.887,0.0,0
33,1485193915523563523,"RT @METADreamCity: Path onto Metaverse! All in City of Dream!

#MetaVerse #BSCNews #NFTCommunity",0.177,0.0,0.823,0.0,4
34,1485193915208978435,"RT @Genesismetaswap: ğŸ’ Genesis #Metaverse #Swap Airdrop

ğŸ’µ Rewards : 50 GMS (50$)
ğŸ‘¨â€ğŸ‘©â€ğŸ‘§â€ğŸ‘§ Refferal : 10 GMS (10$)
ğŸ† Winners: Only for Firstâ€¦",0.267,0.0,0.733,0.0,4
35,1485193914978029568,"RT @ihassansheikh: @cryptogems555 You know what else will do 10x easily? 
$Casino by #Metasino!
Presale is starting tomorrow on https://t.câ€¦",0.124,0.0,0.8759999999999999,0.27083333333333337,4
36,1485193914852470787,RT @cryptotommy88: @Hunters_meta builds an NFT game on Binance Smart Chain (BSC) that allows players to seek rewards and experience in theâ€¦,0.225,0.0,0.775,-0.09285714285714289,4
37,1485193914453663745,"RT @Metavers_MeTa: AIRDROP METAVERSE $META 5,000 $BNB FOR 10,000 PARTICIPANTS

(First Come,First Serve)

ğŸ“ŒComplete Each Of The Tasks Below:â€¦",0.0,0.0,1.0,0.25,0
38,1485193914240094211,"RT @cryptohorsegame: Our Whitelist contest is available! Dont miss the chance to get a spot in Cryptohorse Pre-sale at Pinksale! 
Please foâ€¦",0.18,0.072,0.748,0.625,4
39,1485193913875017728,"RT @KriptoMeta: ğŸ‰BÄ°R MOREL Ã‡EKÄ°LÄ°ÅÄ° YAPALIM DOSTLARğŸ‘Š

1 KÄ°ÅÄ°YE 400$ deÄŸerinde istediÄŸi bir #Metaverse coiniğŸ¤˜

ğŸ‘‡Åartlar basit
âœ…@KriptoMeta &lt;â€¦",0.0,0.0,1.0,0.0,0
40,1485193913719795715,"RT @Mighty__Crew: ğŸ”¥ğŸ† Our PRESALE is starting next Tuesday 3:00 PM UTC

ğŸ’– Pinksale : https://t.co/YtUxPMlm6E

Presale Price: 1 BNB = 320,000â€¦",0.0,0.0,1.0,0.0,0
41,1485193913254424581,"RT @METAMINERSNFT: In less than 24 hours 10,000 Unique Metaminers will hit the metaverse! 

We hope to see you there for mint https://t.co/â€¦",0.127,0.0,0.873,0.15104166666666669,4
42,1485193912944033793,"RT @FortProtocol: ğŸ“£#FortProtocol #airdrop Phase 2 is now live!

ğŸ‰3,000 Random winners + 2,000 Random winners + Top 200 referrers

ğŸ‘‰Use ourâ€¦",0.341,0.0,0.659,-0.08238636363636365,4
43,1485193912721752064,"RT @Genesismetaswap: ğŸ’ Genesis #Metaverse #Swap Airdrop

ğŸ’µ Rewards : 50 GMS (50$)
ğŸ‘¨â€ğŸ‘©â€ğŸ‘§â€ğŸ‘§ Refferal : 10 GMS (10$)
ğŸ† Winners: Only for Firstâ€¦",0.267,0.0,0.733,0.0,4
44,1485193912633503744,"RT @CrossTheAges: âš¡ï¸A new partner has joined our ranks! âš¡ï¸

Give @Wonderland_fi a warm welcome to the #metaverse ğŸ˜º

We are excited  to explâ€¦",0.285,0.0,0.715,0.48636363636363633,4
45,1485193912612536322,"RT @Khulood_Almani: #Edge #Computing #Architecture and How it #Processes #Data 

@TechTarget 

#DataScience #bigdata #AI #technology #IoT #â€¦",0.0,0.0,1.0,0.0,0
46,1485193912486707210,RT @yooshi_official: #YOOSHI #Metaverse @binance https://t.co/ALisU104AC,0.0,0.0,1.0,0.0,0
47,1485193912465895432,"RT @wtfsaucy: ğŸ’ #NFTGiveaway ğŸ’

Win a 1X Free Gold Digger Ape #NFT ğŸ

â€¢ 369 club (BAYC Holders) are buying gold-digger apes for the Metaverâ€¦",0.272,0.0,0.728,0.6000000000000001,4
48,1485193912176283651,"RT @FuturaMeta: Take a look at the video that shows you @Mrgold_original  in detail the game of ""Pinuccio in the metaverse"".
Voxel artist:@â€¦",0.0,0.0,1.0,-0.4,0
49,1485193910691713029,"RT @Genesismetaswap: ğŸ’ Genesis #Metaverse #Swap Airdrop

ğŸ’µ Rewards : 50 GMS (50$)
ğŸ‘¨â€ğŸ‘©â€ğŸ‘§â€ğŸ‘§ Refferal : 10 GMS (10$)
ğŸ† Winners: Only for Firstâ€¦",0.267,0.0,0.733,0.0,4
50,1485193909748002816,"RT @gems_1000: #BSC #BSCGem 
This one is a bomb  $SUGAR

Bottom is in ğŸ’¹ now only way is up. APE NOW. donâ€™t FOMO In later 

Team always deliâ€¦",0.0,0.113,0.887,0.0,0
51,1485193909177581570,"RT @METAMINERSNFT: In less than 24 hours 10,000 Unique Metaminers will hit the metaverse! 

We hope to see you there for mint https://t.co/â€¦",0.127,0.0,0.873,0.15104166666666669,4
52,1485193909143801856,"RT @AbuNFT1: ğŸŒ” CosmoKidz Discord in Bio ğŸŒ”

Launch: early February
Mint price: TBA
Whitelist still open be fast ğŸš€

ğŸ¤‘ TESLA AWARDED to Elon Câ€¦",0.131,0.103,0.765,0.10000000000000002,4
53,1485193907738931207,"RT @gems_1000: #BSC #BSCGem 
This one is a bomb  $SUGAR

Bottom is in ğŸ’¹ now only way is up. APE NOW. donâ€™t FOMO In later 

Team always deliâ€¦",0.0,0.113,0.887,0.0,0
54,1485193907504050176,"RT @Hercules2Mighty: #Metaverse legacy is on the line when 10,055 gamers compete for glory!

With their lives at stake, #MightyHercules musâ€¦",0.159,0.0,0.841,0.0,4
55,1485193907273191425,"RT @Khulood_Almani: #Edge #Computing #Architecture and How it #Processes #Data 

@TechTarget 

#DataScience #bigdata #AI #technology #IoT #â€¦",0.0,0.0,1.0,0.0,0
56,1485193906983690240,RT @bapesclan: You are still early. The bapes takeover has just begun. Metaverse dominance is our goal. Our billion dollar team will be revâ€¦,0.073,0.0,0.927,0.1,4
57,1485193906316726272,"RT @MichaelWRai: @SnoopDogg @sportemongo #SGOX is officially Live!!! get into the best tokenized business in the #MetaVerse ğŸŒ 

Contract adâ€¦",0.22,0.0,0.78,0.6331676136363636,4
58,1485193906254127105,"RT @PortalNFTs: a #NFT that can create inter-spatial portals in the Metaverse.
Endless possibility. Endless utility. $PRTL

First 1000 peopâ€¦",0.10400000000000001,0.0,0.8960000000000001,0.0,4
59,1485193905348001793,"RT @CyberTradeGame: $CCASH IGO is scheduled on @SeedifyFund! âš¡ï¸

We are super excited to do IGO with Seedify!

âš¡ï¸ All information and rulesâ€¦",0.247,0.0,0.753,0.40104166666666663,4
60,1485193904945532932,"@CryptoGnomie @MicropetsBSC NEW Staking and Reward System soon
QnA with CTO on Telegram VC every

â˜€ï¸2-3PM UTC
ğŸŒœ10-11PM UTC

ğŸ”¥Q&amp;A, MicroPets News, Learning and many more.

#MicroPets #Pets #P2E #GameFi #BNB #BSC #NFT #PETSArmy #Petropolis #Metaverse #EricaJan23SS https://t.co/4RNPri7HmF",0.091,0.0,0.909,0.37878787878787873,4
61,1485193903808872458,"RT @StartFinance: Dear community members, we are so glad to announce the reopening of @akitavax IDO tomorrow Jan 23rd at 2:00 PM UTC
#AKITAâ€¦",0.22699999999999998,0.0,0.773,0.5,4
62,1485193903804661763,Do not miss the chance to be the first property owners in @Metafluence - $METO token  ğŸš€ğŸš€ğŸš€ https://t.co/TA6dWG9Kjv #metaverse #metafluence #airdrop,0.068,0.08200000000000002,0.85,0.25,0
63,1485193900277092352,"RT @FuturaMeta: Take a look at the video that shows you @Mrgold_original  in detail the game of ""Pinuccio in the metaverse"".
Voxel artist:@â€¦",0.0,0.0,1.0,-0.4,0
64,1485193899832668163,"RT @Genesismetaswap: ğŸ’ Genesis #Metaverse #Swap Airdrop

ğŸ’µ Rewards : 50 GMS (50$)
ğŸ‘¨â€ğŸ‘©â€ğŸ‘§â€ğŸ‘§ Refferal : 10 GMS (10$)
ğŸ† Winners: Only for Firstâ€¦",0.267,0.0,0.733,0.0,4
65,1485193898930896897,"RT @Genesismetaswap: ğŸ’ Genesis #Metaverse #Swap Airdrop

ğŸ’µ Rewards : 50 GMS (50$)
ğŸ‘¨â€ğŸ‘©â€ğŸ‘§â€ğŸ‘§ Refferal : 10 GMS (10$)
ğŸ† Winners: Only for Firstâ€¦",0.267,0.0,0.733,0.0,4
66,1485193898696003584,"RT @ERAgameio: ERAGame powered by Thor Game Studio has begun and built the open metaverse game worldï¼

Join the movement here:

ğŸ‘‰Connect Waâ€¦",0.091,0.0,0.909,-0.26666666666666666,4
67,1485193898582769667,"RT @Genesismetaswap: ğŸ’ Genesis #Metaverse #Swap Airdrop

ğŸ’µ Rewards : 50 GMS (50$)
ğŸ‘¨â€ğŸ‘©â€ğŸ‘§â€ğŸ‘§ Refferal : 10 GMS (10$)
ğŸ† Winners: Only for Firstâ€¦",0.267,0.0,0.733,0.0,4
68,1485193898347708418,"RT @ihassansheikh: @colbyblackwel16 You want something new? 
$Casino by #Metasino's presale is going live tomorrow on https://t.co/BBiSNjfMâ€¦",0.075,0.0,0.925,0.13636363636363635,4
69,1485193897848762370,"RT @alicefiction_JP: ã€CBTå‚åŠ è€…å‹Ÿé›†ä¸­ã€‘
RPG in Wonder Metaverse
ã€ã‚¢ãƒªã‚¹ãƒ•ã‚£ã‚¯ã‚·ãƒ§ãƒ³ã€
ã‚¯ãƒ­ãƒ¼ã‚ºãƒ‰Î²ãƒ†ã‚¹ãƒˆå¿œå‹Ÿå—ä»˜ä¸­ï¼

â–¼ä»Šã™ãå¿œå‹Ÿâ–¼
https://t.co/DBGpSPMvYL

#Amazonã‚®ãƒ•ãƒˆã‚³ãƒ¼ãƒ‰ 10,000â€¦",0.0,0.0,1.0,0.0,0
70,1485193897248800769,"@SmartIn89212288 @CryptoTony__ Ang #vEmpire ay isa sa nangungunang metaverse crypto project at mayroon ding mga kamay sa paglalaro. Malaking pagkakataon para sa lahat na maging bahagi nito. Kaya pumunta lang sa @vempiredigital at sa pamamagitan ng $VEMP sa opisyal na website.
https://t.co/knVHqsBYA4",0.0,0.0,1.0,0.0,0
71,1485193897190043651,"RT @gems_1000: #BSC #BSCGem 
This one is a bomb  $SUGAR

Bottom is in ğŸ’¹ now only way is up. APE NOW. donâ€™t FOMO In later 

Team always deliâ€¦",0.0,0.113,0.887,0.0,0
72,1485193896984522755,"RT @OmErCiKuS80: @1goonrich âœ³ï¸ #OASIS #Token #Game #Project #BSC #BSCGem
#Metaverse #NFT #NFTartist #NFTCommunity
âœ³ï¸ FairLaunch: 30.01.2022â€¦",0.0,0.0,1.0,-0.4,0
73,1485193896254930945,"RT @Genesismetaswap: ğŸ’ Genesis #Metaverse #Swap Airdrop

ğŸ’µ Rewards : 50 GMS (50$)
ğŸ‘¨â€ğŸ‘©â€ğŸ‘§â€ğŸ‘§ Refferal : 10 GMS (10$)
ğŸ† Winners: Only for Firstâ€¦",0.267,0.0,0.733,0.0,4
74,1485193896183603209,"RT @flurnft: Xeno Infinity Giveaway!

XenoInfinity mint live at https://t.co/pQ0DpEGC1h

Win 1 Xeno Infinity like one in the video in 48 hoâ€¦",0.258,0.0,0.742,0.4681818181818182,4
75,1485193896120717315,"RT @BestRealAirdrop: ğŸ’ #Genesis #Metaverse #Swap #Airdrop

ğŸ’µ Rewards : 50 GMS (50$)
ğŸ‘¨â€ğŸ‘©â€ğŸ‘§â€ğŸ‘§ Refferal : 10 GMS (10$)
ğŸ† Winners: Only for Firâ€¦",0.267,0.0,0.733,0.0,4
76,1485193895235715075,"RT @BtcPromoter: Metaverse Avenue is giving away 10k dollarsğŸ”¥

Hop into their discord, link is here: https://t.co/g0xdsJW7z8",0.11899999999999998,0.134,0.746,0.0,0
77,1485193894484930561,@binance Ø£ÙƒØ«Ø± Ù…Ù† 800 Ø¯ÙˆÙ„Ø§Ø± Ù…Ù† #BNB Ø±Ù‡Ù† ÙÙŠ Ø£ÙˆÙ„ ØªØ¬Ù…Ø¹ @BinanceChain  Ù„Ø¯ÙŠÙ†Ø§ Ø·ÙˆØ§Ù„ Ø§Ù„Ù„ÙŠÙ„ ÙˆÙ„Ø§ ÙŠØ²Ø§Ù„ Ù…Ø¹Ø¯Ù„ Ø§Ù„ÙØ§Ø¦Ø¯Ø© Ø§Ù„Ø³Ù†ÙˆÙŠØ© Ù„Ø¯ÙŠÙ†Ø§ ÙŠØ­Ù‚Ù‚ Ø£ÙƒØ«Ø± Ù…Ù† 500 Ùª ÙÙŠ #VEMP @cz_binance  ğŸ‘€ Ø¥Ø°Ø§ ÙƒÙ†Øª ØªØ³ØªØ®Ø¯Ù… Ø¨Ø±ÙˆØªÙˆÙƒÙˆÙ„ #Metaverse &amp; #GameFi Ø¨Ù†Ø§Ø¡Ù‹ Ø¹Ù„Ù‰ @binance  ØŒ ÙÙ†Ø­Ù† Ù†Ø±ÙŠØ¯ Ø£Ù† Ù†Ø±Ø³Ù„ Ø¥Ù„ÙŠÙƒ Ù‡Ù†Ø§ ğŸ¤ Ù„Ù…Ø§Ø°Ø§ Ù„Ù… ØªØ¯Ø±Ø¬Ù†Ø§ Ø­ØªÙ‰ Ø§Ù„Ø¢Ù†ØŸ,0.0,0.0,1.0,0.0,0
78,1485193893671051265,RT @bapesclan: You are still early. The bapes takeover has just begun. Metaverse dominance is our goal. Our billion dollar team will be revâ€¦,0.073,0.0,0.927,0.1,4
79,1485193892848832517,"RT @TaylorMusk_: What #ALTCOIN would you recommend me to buy in this market crash â‰ï¸ğŸ¤”

Stay strong and don't miss this opportunity ğŸ˜ğŸ”¥

#BSCâ€¦",0.326,0.084,0.59,0.4333333333333333,4
80,1485193892173877252,"RT @gems_1000: #BSC #BSCGem 
This one is a bomb  $SUGAR

Bottom is in ğŸ’¹ now only way is up. APE NOW. donâ€™t FOMO In later 

Team always deliâ€¦",0.0,0.113,0.887,0.0,0
81,1485193892089970689,"RT @Genesismetaswap: ğŸ’ Genesis #Metaverse #Swap Airdrop

ğŸ’µ Rewards : 50 GMS (50$)
ğŸ‘¨â€ğŸ‘©â€ğŸ‘§â€ğŸ‘§ Refferal : 10 GMS (10$)
ğŸ† Winners: Only for Firstâ€¦",0.267,0.0,0.733,0.0,4
82,1485193891385323524,"RT @TribalWarsBSC: We have prepared a lot of exquisite social profiles for our followers. If you change those pictures as profile, there wiâ€¦",0.083,0.0,0.917,0.5166666666666667,4
83,1485193891204812800,"RT @deficonnect: We are moving according to plan..

See attached road map for further confirmation..

Next in line is @BitrueOfficial 

Weâ€¦",0.0,0.0,1.0,0.0,0
84,1485193890957529094,"RT @ladyincrypto: $150 GIVEAWAY ~ 24 HOURS â³

($100)
- RT &amp; Follow @luckyfury_ 

(+$50)
- Join Discord (post proof)
https://t.co/b1Ouv0bpy2â€¦",0.111,0.136,0.754,0.0,0
85,1485193890907017218,"RT @Khulood_Almani: #Edge #Computing #Architecture and How it #Processes #Data 

@TechTarget 

#DataScience #bigdata #AI #technology #IoT #â€¦",0.0,0.0,1.0,0.0,0
86,1485193888835190788,"@MetaGiveaway @MicropetsBSC NEW Staking and Reward System soon
QnA with CTO every Mon-Fri
â˜€ï¸2-3PM UTC
ğŸŒœ10-11PM UTC
ğŸ”»ğŸ”»ğŸ”»
ğŸ”¥Q&amp;A, Learning and many more.
https://t.co/oo0dGWHfsQ

#MicroPets #Pets #P2E #GameFi #BNB #BSC #NFT #PETSArmy #Petropolis #Metaverse #yreilicaJan23SS https://t.co/QvFVm6qtLa",0.096,0.0,0.904,0.37878787878787873,4
87,1485193888474218499,"RT @ArslanNaseerCBA: Dunya Metaverse mai bethi hai humari â€œDigital Pakistanâ€ waali Government iPhone pe 70 hazar tax laganay mai busy hai,â€¦",0.0,0.0,1.0,0.05,0
88,1485193888084410371,"RT @BestRealAirdrop: ğŸ’ #Genesis #Metaverse #Swap #Airdrop

ğŸ’µ Rewards : 50 GMS (50$)
ğŸ‘¨â€ğŸ‘©â€ğŸ‘§â€ğŸ‘§ Refferal : 10 GMS (10$)
ğŸ† Winners: Only for Firâ€¦",0.267,0.0,0.733,0.0,4
89,1485193887551729665,"The metaverse isn't about creating a mirrored univerese to our ""real"" life",0.0,0.159,0.841,0.2,0
90,1485193887203352581,@mighty__crew Presale is starting on Pinksale NEXT Tuesday 3 PM UTC Mighty Crew is an amazing RPG with 2.5D Graphics. Website: https://t.co/sQzxK8VLTM TG Group :https://t.co/KfSLZmZR6R #Mightycrew #IDO #NFT #Metaverse #blockchaingame #pinksale,0.11600000000000002,0.0,0.884,0.25,4
91,1485193886985330688,"RT @exclusible: Join the @Exclusible x @nft_paris @decentraland party in the @DecentralGames Casino. 

âš ï¸There are some free #NFT #POAP @poâ€¦",0.3390000000000001,0.0,0.661,0.4,4
92,1485193886926610433,"RT @IbaxNetwork: GO ON! 
https://t.co/NePHh1DUpV
ğŸ“¢ğŸ“¢ğŸ“¢ğŸ“¢ğŸ“¢ğŸ“¢ğŸ“¢
#IBAX #Airdrop #cryptocurrency #Metaverse #Giveaways #NFT https://t.co/62YlAbtTz4",0.0,0.0,1.0,0.0,0
93,1485193886087942149,"RT @Genesismetaswap: ğŸ’ Genesis #Metaverse #Swap Airdrop

ğŸ’µ Rewards : 50 GMS (50$)
ğŸ‘¨â€ğŸ‘©â€ğŸ‘§â€ğŸ‘§ Refferal : 10 GMS (10$)
ğŸ† Winners: Only for Firstâ€¦",0.267,0.0,0.733,0.0,4
94,1485193885710229505,"RT @Mighty__Crew: It is time for an airdrop for our amazing community !

Ready to win 10,000$ worth of $MIT Tokens ?

Our Giveaway Campaignâ€¦",0.393,0.0,0.607,0.5125000000000001,4
95,1485193884737351682,RT @CryptoInsanity: Another #P2E #NFT #blockchain #metaverse #VR game that I can't afford to miss their #privatesale under @Kommunitas1 isâ€¦,0.074,0.0,0.926,-0.4,4
96,1485193884359884801,"RT @Ralvero: ğŸš¨PRESALE ALERTğŸš¨
@MetaRaids

ğŸ—“23rd January 3:00pm UTC on Pinksale
 
âš”ï¸Doxxed CEO
âš”ï¸Nft Rpg #Metaverse Blockchain Game developedâ€¦",0.0,0.0,1.0,-0.4,0
97,1485193884082880514,"#BSC #BSCGem 
This one is a bomb  $SUGAR

Bottom is in ğŸ’¹ now only way is up. APE NOW. donâ€™t FOMO In later 

Team always deliver 

There is alot of hype &amp; expectation from Sugarland,Metaverse roadmap. Very bullish on this one 

PCs https://t.co/ytTGgbvSB1
https://t.co/kXjOdWTA14",0.0,0.072,0.9280000000000002,0.06666666666666667,0
98,1485193883298504713,"I just joined the #Metafluence IDO Whitelist on #MetaVPad + #BSCPAD + #NFTLaunch

GET YOUR GUARANTEED IDO ALLOCATION ON @metavpad @bscpad @nft_launch

TG: https://t.co/M2yR6Cqy41

$BTC $ETH $BNB #BSC #NFT  #metaverse #VR #AR #virtualreality #meta #n https://t.co/oRlvKFvEL1",0.0,0.0,1.0,0.0,0
99,1485193883143311361,#BSC #Solana #mtk #metakings #Metaverse  @lozova3005  @hamidkha123 @VitalikButerin https://t.co/uOj6hiwkDo,0.0,0.0,1.0,0.0,0
